"pressures","ref_point"
"fp_com_lb","11.8079305021286"
"fp_com_hb","9.4801869935989"
"fp_art_lb","12.3860549875262"
"fp_art_hb","9.3033563674929"
