"year","maxDensity"
2003,4446.21015337607
2004,3896.18949136427
2005,4340.83040452245
2006,4667.57255140239
2007,5120.33461379829
2008,4903.91787285351
2009,5151.89597432175
2010,5465.39668716869
2011,5636.26974073154
2012,6130.57565856911
2013,6577.6331703579
2014,6792.7669716978
2015,7052.1722278132
