"pressures","ref_point"
"fp_com_lb","10.6474367941858"
"fp_com_hb","9.88050602912901"
"fp_art_lb","10.722388023758"
"fp_art_hb","7.448577404022"