"pressure","ref_point"
"dem_dest",6.10372176243669
"dem_nondest_hb",1.6682872730164
"dem_nondest_lb",1.73697581159519
"pel_hb",2.65936222032042
"pel_lb",14.342271258765
